都道府県,内容
島根,    日本全国にあるパワースポットの中でも、古来から続く縁結びのスポットが多い島根県の出雲松江エリア。恋愛だけでなく、様々なご縁を結んでくれる場所がたくさんありますよ。友人と、恋人と、今までのご縁に感謝して、これからのご縁を祈りにでかけませんか
島根,    日間で松江と出雲の両方を大満喫するために、昼頃には、松江駅に着くように向かいましょう。これから始まる旅のわくわくと共に、いざ出発です島根には美味しいものもたくさんあるので、お腹を空かせて集合しましょう。
島根,    まずは腹ごしらえから。松江に来たら必ず食べたいのが、鯛めしです。鯛めしが名物のところは松江以外にもたくさんありますが、松江の鯛めしは、蒸した鯛の身をそぼろ状にしたものと、薬味をごはんに乗せて出汁でお茶漬けにするスタイルです。
島根,    一品一品にこだわり抜いた豊富なメニューが揃っております。リピーターが多い秘訣も、ここにあるかもしれませんランチでは、鯛めし御膳や鰻まぶし御膳などが頂けますよ。旅の始まりに、ぴったりのお店ですね
島根,    松江の観光スポットといえばここ、松江城です。.あるしゃちほこは、現存する木造のしゃちほこの中で最古のものです。城内を見学することができ、天守閣からは、松江の街並みや宍道湖が見渡せます。石垣にハート型の石が隠れているので、ぜひ探してみてください。
島根,    松山城を観光している中で休憩したくなったら、こちらの亀田山喫茶室がおすすめです。興雲閣と呼ばれる白い洋館ぽい建物の中に入っています。レトロな雰囲気が素敵で、ケーキやタルトなどのスイーツをいただくことができますよ。
島根,    つ目の松江のオススメ観光スポットは八重垣神社です。縁結びというと出雲大社が有名ですが、島根では八重垣神社も古くから縁結びの神として親しまれています。こちらでも恋愛成就を祈りましょう。境内にある池に用紙を浮かべる硬貨を乗せる縁占いが人気です。松江駅からはバスで約分ほどで到着します。
島根,    つ目の松江のオススメ観光スポットは島根県立美術館です。こちらは、宍道湖の畔に建つ美術館。水との調和をテーマにしており、宍道湖を見渡すことのできる開放的な空間が広がります。建物は横に長く、特徴的な形をしています。館内には絵画などが展示されており、屋外には彫刻もあります。
島根,    松江での観光が終わったら、出雲との間にある宍道湖しんじこへ向かいましょう。宍道湖は、全国で番目に大きい湖です。わずかに塩分を含むため、豊富なシジミや白魚などの豊富な魚類が生息していて、島根のご当地グルメともなっています。
島根,    日本の夕日百選にも登録されている、夕日の美しいスポットです。日没分前からが特に美しいと言われているので、日没時間を確認してから向かいましょう。サンセットクルージングもあります。事前に日が沈む時間を調べてから行くのがおすすめです。
島根,    日目の夜は、玉造たまつくり温泉で温まり、旅のの疲れを癒しましょう。玉造温泉は、宍道湖の周辺にあり、平安時代から三名泉として親しまれている温泉です。大きさも、歴史も島根県随一です山陽を代表する温泉地でもあります。
島根,    また、玉造温泉から歩いて分のところにある玉作湯たまつくりゆ神社もぜひ立ち寄ってみてください。島根県内でも人気の縁結びのスポットです。はるか昔から、願い事を叶えてくれると評判の願い石が、境内に捧げされています。また、叶い石と呼ばれるお守りの石はお土産にぴったりです。
島根,    日本一の縁結びのスポットといえばここ、出雲大社いずもおおやしろではないでしょうか。ここは、恋愛だけでなく、さまざまな良い縁を結んでくれる神社なのです。月の神無月には、全国の神様がここに集まります。
島根,    神無月は、出雲には神様が集まってくるため、神在月と呼ばれているそう。出雲大社では参拝の仕方が他と異なるので要注意ですよ。二礼四拍手一礼の順で行います。心の中でしっかりお祈りしましょう。絶対に外せない必見スポットです。
島根,    日目のお昼は、出雲の名物グルメの出雲そばを食べましょう。おすすめのお店は、荒木屋。出雲大社の駐車場から徒歩分程度のところにあります。出雲そばは、日本三大そばともにも数えられています。朱色の丸いお皿に入っているそばに薬味を入れて、つゆを直接かけて食べます。
島根,    出雲でぜひ行きたいのが稲佐の浜いなさのはまです。ここは水平線に沈む夕日を見ることができる、絶景スポットです。国譲り、国引きの神話で知られています。日本のなぎさ選にも選ばれた、静かで美しい海でおすすめなんです。
島根,    真っ白で広々とした砂浜が美しいんです。また、神在旧暦の月に、全国の八百万の神々をお迎えし、この浜から出雲大社へ上陸すると伝えられています。今もなお、神迎えの行事が行われている、日本でも随一のパワースポットです。
島根,    出雲で必ず食べたいのが、のどぐろです。のどぐろが油がのっていて、味がしっかりついた高級魚です。ここでは、他の場所で食べるよりも、断然リーズナブルにいただけます。のどぐろを食べて、最高な旅の締めくくりをしましょう
島根,    出雲松江には、出雲大社以外にも多くの縁結びのスポットがあるだけでなく、美味しいものが食べられたり、美しい景色が見られたりと、大満足の旅行になるに違いありません。ぜひ友人と、恋人と足を運んでみてください。なお情報は記事掲載時点のものです。詳細は公式サイトなどでも事前確認することをおすすめします。
島根,    日で松江を大満喫するために、早めに松江駅に到着するように出発しましょう。出雲大社の最寄駅である出雲大社前駅から松江駅までは、電車で時間半前後、車で約時間の距離です。電車の所要時間は乗車する時間によって異なります。
島根,    午前中は松江観光で欠かせない観光スポット松江城の周辺を散策しましょう。松江城は国宝に指定されており、そのしゃちほこは、現存する木造のしゃちほこの中で最大のものと言われています。城内を見学することができ、天守閣からは度パノラマの松江の街並みや宍道湖が見渡せますよ。
島根,    松江城の石垣のどこかには、ハート型の石が隠れています。行ったらぜひ探してみてくださいね。周辺は道が整備されているため、散策にぴったりです。また、桜やツツジなど四季折々の植物や景色を楽しむこともできるのも魅力です。
島根,    松江城へ行ったら、ぜひ体験したいのがこちら、堀川遊覧船です。松江城を囲む約.のコースを、約分かけてゆったりと巡ってくれます。松江の風情ある街並みや、歴史のことをガイドさんが分かりやすく教えてくれますよ。
島根,    松江へ行ったら必ず食べたいのが、鯛めしです。鯛めしが名物のところは松江の他にもありますが、松江の鯛めしはちょっと変わったスタイルが特徴的なんです。蒸した鯛の身をそぼろ状にしたものと、薬味をごはんに乗せて出汁でお茶漬けにしていただきます。
島根,    オススメのお店は庭園茶寮 みな美です。宍道湖の湖畔にある旅館の中に併設されたレストランです。島根のこだわりの食材ふんだんにつかった食事が食べられます。松江ならではの鯛めしが名物で、ランチでは夜よりもお手頃な価格でいただけますよ。
島根,    お昼を食べたら、島根県立美術館へ向かいましょう。松江駅から歩いて約分で向かうことができます。宍道湖のほとりにある、フォルムの美しい美術館です。エントランスロビーは天井までガラス張りになっており、宍道湖を一望できます。
島根,    建物内だけでなく、野外彫刻も必見です。この美術館の野外には、匹のうさぎの彫刻があります。宍道湖側から数えて番目のうさぎを、西の方角を向いてなでると幸せが訪れると言われているんです。
島根,    夕暮れ時に合わせて、宍道湖へ向かいましょう。宍道湖は、出雲と松江の間にある、日本全国で番目に大きい湖です。わずかに塩分を含むため、シジミや白魚などの豊富な魚介類が生息しているんです。
島根,    宍道湖から見る夕日の美しさは、日本夕日百選にも選ばれているほど。日没分前から沈むまでが特に美しいと言われているので、日没時間を確認してから向かいましょう。サンセットクルージングに乗るのもオススメです。
島根,    松江に来たら欠かせないグルメのもうひとつが、宍道湖で取れるシジミです。宍道湖はシジミの漁獲量が全国一なんです宍道湖周辺や松江にはシジミや、その他宍道湖で取れる新鮮な魚介類をいただけるお店がたくさんありますよ。
島根,    宍道湖名物のシジミがいただけるオススメのお店は根っこやです。こちらでは、こだわりの島根の食材を使った料理と地酒がいただけます。美味しい海鮮とお酒で松江を存分に楽しんでみてくださいね。
島根,    夜ご飯の後は玉造温泉で温まり、日の疲れを癒しましょう。玉造温泉は、宍道湖の周辺にある、日本最古の温泉のひとつとして知られています。平安時代から三名泉として親しまれている歴史の古い温泉です。
島根,    歴史だけでなく、規模も島根県随一で、山陽地域を代表する温泉地です。周辺の宿に泊まらなくても、日帰り温泉を楽しめるスポットもあるため、ふらっと立ち寄るにも、ゆっくり宿泊するにも最適なスポットですよ。
島根,    松江の新たな魅力は見つかったでしょうか。島根県へ行ったら、出雲だけではなく、松江にもぜひ立ち寄ってみてください。長い歴史を誇る松江には風情のある素敵な町並みや、松江名物のグルメがあり、大満足できること間違いなしですなお情報は記事掲載時点のものです。詳細は公式サイトなどでも事前確認することをおすすめします
島根,    島根県東部の出雲松江は鳥取県米子市までの地域が山陰地方でも人口が多いエリアです。山陰本線が走り、主要駅からのバスでの観光アクセスはある程度充実していますが、広域に観光スポットが点在しているので自家用車やレンタカーなどが観光には向いています。
島根,    島根出雲松江へアクセスする際は鉄道では松江駅または出雲市駅、空港では出雲空港を利用するのがおすすめです。そこでレンタカーを借りて周遊するのがおすすめです。東西に延びる国道号線と一部区間が開通している山陰自動車道がアクセスの中心になります。
島根,    尚、冬月は西日本ですが特に積雪となる事も珍しくなく、雪道に慣れていない人は観光するのはあまりおすすめできません。観光の時期選びも少し大切なエリアになります。
島根,    縁結びの神様として全国でも抜群の知名度を誇る出雲大社へは島根出雲松江を訪れるからには絶対に参拝するべきスポットです。恋愛だけでなく、様々な良い縁をたぐり寄せる神社で、様々な目的で想いを願いに行きましょう。
島根,    出雲大社へは山陰自動車道の出雲を出てそのまま国道号線を進むと到着する事ができます。人気のスポットのため、駐車場が不足する事も珍しくありません。朝早い時間帯が比較的空いているので早めに訪れる事をおすすめします。
島根,    日本三大そばのつで出雲地域の郷土料理の出雲そばは是非食べておきたい島根グルメです。出雲大社付近だけでなく、出雲市や松江市を中心としたエリアは多くの出雲そば店があり、気軽に楽しむ事ができます。
島根,    出雲大社付近であれば一福がおすすめです。出雲大社参拝の後に立ち寄って郷土料理を楽しむのが出雲満喫の秘訣です。また一福は出雲大社だけでなく出雲市駅、松江駅などにも店舗があります。
島根,    松江城は松江のシンボルですが、全国か所で現存する数少ない天守閣を持ち国宝のつ。その中で唯一の正純天守閣とも言われており、その凛々しい姿は非常に感動的です。現存する珍しい天守閣を是非見に行きましょう。
島根,    松江城へは国道号線から宍道湖沿いに県道号線を北上する事で到着する事ができます。松江城付近は駐車場が多いとは言えないので、場所がない時は少し離れた場所に駐車して徒歩で向かう事も考えて時間ロスを少なくするようにしましょう。
島根,    神話ヤマタノオロチは一度は耳にしたことがあるかもしれませんが、この八重垣神社はその神話の中で日本で初めて正式な結婚をしたと言われている、島根屈指のパワースポットです。鏡の池でドキドキしながら縁占いができ、是非おすすめです。
島根,    八重垣神社へはアクセスが少し複雑で、松江市内の住宅街を車で走る事になります。訪れる際には必ずナビで行き先を設定して向かう事をおすすめします。松江駅からは程の道のりになります。
島根,    宍道しんじ湖の夕日は、湖に反射する光、遠くに見える山、沈みゆく夕日が感動的で日本でも屈指の夕日スポットです。松江市内の宍道湖沿岸の多くで眺める事ができるので、夕方の時間に合わせて訪れる事をおすすめします。
島根,    夕日スポットは多数あり、宍道湖夕日スポット白潟公園などが有名なスポットです。宍道湖夕日スポットは国道号線沿い、白潟公園へは国道号線から松江城に向かう県道号線に入りすぐの場所にあります。アクセスも良いので是非訪れましょう。
島根,    日本最古の歴史を持つとも言われる玉造温泉は出雲国風土記にもその名が残っている神湯とも言える温泉です。出雲縁結びの温泉地としても有名で島根出雲松江の観光で宿泊地の候補としてもおすすめです。
島根,    玉造温泉は出雲と松江の間にあり、やや松江市街寄りになります。国道号線より簡単にアクセスもできます。日帰り入浴の際は駐車場が多くはないので、時間に余裕を持って訪れる事をおすすめします。
島根,    足立美術館は美術館でありながら、庭園が美しく、日本庭園ランキングで年現在、年連続日本一になっています。美しい庭園だけでなく、近代日本画が多く集まり、画家横山大観の作品が多いのが特徴です。
島根,    足立美術館は松江市の東隣町、安来やすぎ市にあります。松江駅からは山陰自動車道経由で約程の道のりになります。出雲空港とは逆方向になりますので、特に飛行機利用で最終日に予定を組み込むときには十分に注意しましょう。
島根,    石見いわみ銀山の銀はかつてアジアだけでなくヨーロッパでも使われ、その歴史と文化的背景が評価され年に世界遺産となりました。間歩まぶと呼ばれる坑道を実際に歩く事もできるので歴史と浪漫を体験しに行きましょう。
島根,    石見銀山は駐車場から常時一般公開している龍源寺りゅうげんじ間歩まで約.、片道分を徒歩アクセスする事になります。尚、貸し自転車もあります。所要時間が長くかかる観光スポットですので、事前に良く調べて訪れるようにしましょう。
島根,    石見銀山へは出雲市駅から国道号線を経由して約になります。出雲空港と逆方向かつ、観光に時間がかかるので、飛行機利用時の最終日に旅行計画を立てるのはあまりおすすめできません。注意しましょう。
島根,    いかがでしたか神話が残り、数々の縁結びのスポットがあり、独特の雰囲気を感じる島根出雲松江。いつか縁結びの神様にお願いしたいと思っている人も多いはず。今回ご紹介した厳選スポットをまわることでこのエリアの定番の魅力は感じる事ができるので是非訪れてみましょう。
島根,    石見銀山にいったのなら、ぜひ寄ってもらいたい龍源寺間歩。間歩というのは、銀を採掘していた鉱山の入り口のこと。この中に入るとひんやり冷たく、まるで冷蔵庫の中にいるようです。この間歩は全長メートルあり、常時一般公開されている間歩です。
島根,    間歩の壁には、当時の抗夫たちが手彫りで銀を採掘していたノミの跡がそのまま残っています。この間歩から採掘された銀はとても質がよく、年もの間、掘られ続けた歴史があります。昭和年まで採掘されていた龍山寺間歩をゆっくりと見てまわると、その長い歴史にふれることができるでしょう。
島根,    石見銀山観光に行ったなら、ぜひ五百羅漢に立ち寄ってみてください。五百羅漢は、石見銀山で亡くなった方々を弔うために作られました。体をひねって話しかけている像、笑っているもの、おこっているもの、その表情はさまざまです。この中に自分そっくりの像があるといわれています。
島根,    五百羅漢は温泉津町の福光の職人たちが年の歳月をかけて作りました。ここにくれば亡くなった人の霊に会えるという噂まであり、会いたいと思った人々が集まりました。五百羅漢がいる石窟内に行くためには、小さな石の橋を通らなければなりません。この小さな石橋を通って、自分とそっくりの石像をみつけてみませんか
島根,    世紀世界の分のの銀は、ここ石見銀山から採掘されたものでした。当時、金の採掘量でも有名でしたが、銀の眠る国ジパングとも呼ばれていて、その由来が石見銀山にあります。石見銀山世界遺産センターでは、その歴史や製銀の技術、生活、銀の流通などをみることができます。銀が眠る国の由来を感じてみましょう。
島根,    石見銀山世界遺産センターでは、丁銀を体験することができます。戦国時代から江戸時代ごろに使われていた銀貨の一つである丁銀は、石見銀山から採掘された銀も使われていたそう。今では、その体験としてキーホルダーやストラップをつくることができます。さあ、銀貨つくりを体験してみましょう。
島根,    石見銀山を満喫したあとに、大森の町並みにある群言堂にいってみてください。古民家を再生して作られた群言堂は、家屋の趣があるすてきな空間です。食事をとるためのスペースは、一面ガラス張り。素敵な中庭をのぞみながら食べる里山の食事は、ほっこり癒されます。
島根,    群言堂は、食事をとるだけのスペースではありません。群言堂にはギャラリーも併設されています。一期一会の旅の出会いとして、群言堂のギャラリーに展示されている作品を鑑賞してみませんか。どんな作品にあえるのかはお楽しみ。石見銀山の自然に癒され、ギャラリー作品からも癒されましょう。
島根,    大森の町にある旧家、高橋家を紹介します。高橋家は、江戸時代に建築された家で階建ての歴史ある旧家です。高橋家は、龍源寺間歩の近くにあります。高橋家は、山組頭のお宅でした。山組頭とは、代官所と銀山師を調整する役のことです。高橋家は茶室や酒造業もしていた歴史ある建物です。
島根,    高橋家と共に、大森の町並みを散策してみるのもおすすめです。歩いているうちに、赤い瓦屋根が多いことに気づくかもしれません。赤い瓦はこの地方独特のもの。大森の町は一度大きな火事にあいました。そこで防火防災を兼ねて、瓦屋根になったのです。
島根,    石見銀山観光の疲れをほぐすなら、有福温泉がおすすめです。歴史のある有福温泉は、なんと聖徳太子の時代からある温泉なのです。美人の湯として広く知られており、遠くからもこの温泉を求めて観光客がやってきます。有福温泉の湯につかりながら旅の疲れをとりましょう。
島根,    有福温泉は、その町並みもレトロで素敵です。温泉でゆっくりした後は、町並みを散策してみましょう。有福温泉のおみやげは何にしよう。迷ったなら、善太郎餅をおすすめします。ほんのり甘い善太郎餅は、お茶のお供に最適です。そして、おみやげとしても喜ばれる一品です。
島根,    石見銀山観光にきたのならぜひ立ち寄ってほしいスポット、仁摩サンドミュージアム。仁摩サンドミュージアムは大きな三角のガラスピラミッドが目印です。このピラミッド内には世界最大級の砂時計が設置されていて、今この瞬間も落ちる砂により時が刻まれています。
島根,    仁摩サンドミュージアムの象徴である大砂時計。この大きな砂時計は、どうやってひっくりかえすのでしょうか。答えは人力です。月日の大晦日にごろりとひっくり返す祭典がなされます。年間さらさらと時を刻んだ大砂時計。大晦日の夜に一年の振り返りをしながら祭展に参加してみませんか。
島根,    今回は、歴史ある石見銀山とその周辺の観光スポットを紹介しました。せっかくのお休みを自分の体験を増やす時間にしてはいかがですか日常からはなれて、自然豊かな石見銀山へ観光にぜひ、足を運んでみてください。
島根,    松江に来たらまずは松江城へ松江駅からバスで分ほどで行くことができます。松江城を中心とする松江城山公園は、春になるとソメイヨシノとはじめとした数々の桜が咲き誇り、日本さくら名所選にも選ばれているほど。また最上階の天守からの眺めは素晴らしく、そこに広がる松江の街並みや宍道湖を眺める時間は格別です。
島根,    松江城の周りを流れる堀川を、遊覧船に乗ってゆっくりと遊覧するのもおすすめです。橋の下をくぐり抜けるときは、橋の高さに合わせて船の屋根が下がってきてドキドキします。春には辺りに咲く桜を眺め、冬には船内に置かれたコタツに入りながら遊覧でき、それぞれの季節に合わせた楽しみ方ができそうです。
島根,    松江城の北側には、日本の道選にも選ばれた塩見縄手と呼ばれる通りがつづきます。遊覧船が行き交う堀川沿いのこの通りには、小泉八雲旧居や武家屋敷風の家が並び、まるで江戸時代にタイムスリップしたかのよう。風情ある通りをゆっくりと歩くのもまた粋なものになりそうです。
島根,    この通りにはなんと、隠れ縁結びスポットがあるんです堀川沿いに並ぶ松の中にトンネルのような形をした松があり、この松の枝の切り口がハートの形になっています。この松をくぐると幸せが訪れるといわれていることからハートのくぐり松と呼ばれ、密かなパワースポットとなっています。
島根,    松江の縁結びスポットといえば、やはりここ八重垣神社です。日本神話八岐大蛇やまたのおろちで有名な素戔嗚尊すさのおのみことと稲田姫いなたひめがまつられており、縁結びの神社として人気のスポットです。奥へ進むと、稲田姫が鏡の代わりに自分の姿をうつしていたといわれる鏡の池が。
島根,    この鏡の池でできる人気の縁占いのやり方はとても簡単まずは神札授与所で占い用の和紙をゲットしましょう。和紙を池に浮かべ、その上に硬貨をおいてお願い事をしたら、あとは和紙が沈むのを待つだけ和紙の沈む速さによってそのご縁が早いか遅いかが、また沈む距離で身近な人か遠方の人かが分かると伝えられています。そのドキドキ感をぜひ体験してみてください
島根,    松江フォーゲルパークに一歩足を踏み入れると、そこには花と鳥の楽園が。フォーゲルとはドイツ語で鳥という意味だそうです。メインであるセンターハウスは国内最大級の展示型の温室となっており、ベゴニアフクシアコリウスなどの約万本の品種を見ることができます。温室のいたる所にカラフルな花がきれいに咲いています。
島根,    ここでは花を見るだけではなく、オオハシをはじめとした熱帯系の鳥や、トキなどの美しい羽根をもつ水鳥などたくさんの鳥たちが私たちを出迎えてくれます。またフクロウやタカハヤブサの飛行ショーや鳥たちへのえさやり、ペンギンたちと一緒に散歩をしたりと園内各所でさまざまな体験もできて見どころ満載です。
島根,    山陰最大級の池泉ちせん回遊式の日本庭園である由志園では、庭園の美しさはもちろん、四季折々の花や緑も楽しむことができます。中でも牡丹の館と呼ばれる室内庭園では、百花の王と呼ばれる牡丹を一年中見ることができます。また、毎年国内外のトップフラワーアーティストによる展覧会も開催されています。
島根,    春は牡丹や椿、夏は花菖蒲、秋は紅葉、冬は寒牡丹…など、四季によって見どころが違うのも魅力の一つ。夜になると県内最大級のイルミネーションや、秋には紅葉とのライトアップも見ることができ、時間帯によってもまた違った雰囲気が味わえそうです。どの時期も見逃せません
島根,    玉作湯神社は玉造たまつくり温泉のはずれにあり、神の湯として親しまれてきました。この地域は、古代から勾玉の生産も盛んだったそうです。神社に奉られている願い石に触ってお願い事をすれば叶うと伝えられていることから、恋愛祈願のご利益もあると人気のスポットとなっています。
島根,    その願い石のパワーをさらにいただくために、社務所で叶い石という小さな天然石を授かるのもおすすめです。この叶い石を願い石から出ている御神水で清めてから、願い石に触れさせてお願い事をすれば、自分だけのお守りとして持ち帰ることができます。また玉造温泉にはカ所の足湯があり、参拝したり温泉街を散策した後に疲れた足を癒すのにピッタリです。
島根,    松江でなんとしてもおさえておきたいスポットといえば、そう宍道湖です。面積は日本で番目の大きさで、日本百景の一つでもあります。時がたつにつれて、違う表情をみることができるのが魅力です。朝や昼の澄み渡る青空と、青く輝く湖の調和は実にさわやかで、心地よい空気を感じることができます。
島根,    そしてやはり見逃せないのが、宍道湖の夕日です。まさに水の都松江ならではの景色で、日本夕日百選にも選ばれています。輝く夕日が湖にさし、空と雲と湖がとけあうようなその美しさは、どこか神々しさを感じさせてくれます。ゆっくりと夕日が落ちていく様子を眺める時間は特別なものになりそうです。
島根,    いかがでしたか縁結びスポットから四季折々の風景が楽しめるスポットなど、情緒あふれる街並みを残す水の都松江市についてご紹介しました。どの季節に訪れるか迷いそうなくらい、季節によって様々な楽しみ方があります。ぜひ松江市へ足を運んでみてくださいね
島根,    斐伊川は出雲大社で有名な島根県の出雲近くにあるパワースポットです。そもそも出雲大社はアマテラスの国護り成功を称えて建設されました。
島根,    そんな出雲にある斐伊川はヤマタノオロチ伝説と深い関わりをもっています。スサノオが手に入れた三種の神器のつである草薙の剣とも深い関わりがあります。
島根,    斐伊川がパワースポットとして人気を得ている理由のつに景観の美しさがあります。一見すると雲海のように見える斐伊川の景観はとても綺麗ですね。その昔、度々氾濫する龍のような斐伊川をヤマタノオロチに見立て伝説が生まれたという説があります。周辺で鉄鋼業が盛んなこともあり草薙の剣伝説が生まれたのかもしれません。
島根,    斐伊川周辺はとても自然豊かな地域です。暖かい季節になると蛍が辺りを飛び回ります。斐伊川がよい環境を維持している証拠です。まさに伝説の地にふさわしい場所ですね。春になると斐伊川の河川敷周辺には桜の花が咲き誇ります。写真を撮るのにもうってつけのスポットです。出雲に来たら立ち寄りたいですね。
島根,    斐伊川周辺では花火大会も開催されます。周辺に大きな明るい建物もなく花火が一層鮮やかに見えます。斐伊川にも映っていますね。
島根,    いかがでしたかパワースポットとして有名な斐伊川をご紹介しました。出雲を訪れた際は是非一度足を運んでみてください。
島根,    ご紹介した伝説や神話には諸説あります。
島根,    最初にご紹介する絶景スポットは明屋(あきや)海岸。こちらは、女神がお産をした場所と言われています。海岸から見える屏風岩は一部分がくり抜かれていて、あるスポットから見るとハート型に見えるそう。大切な人とハートを探しに訪れてみてはいかがでしょうか
島根,    年月現在、岩の一部が崩れたことにより完全なハート型を見ることはできません。今後は自然の力で崩れた岩が流れ再びハート型が見られることができるよう経過を見守るとのことです。また、岩までの遊歩道の一部に落石などの危険箇所があります。訪れる際には十分ご注意ください。
島根,    次にご紹介するのは国賀海岸(くにがかいがん)。こちらは海がとても綺麗なことで有名です。この綺麗な海と雄大な景色を間近で楽しむのにシーカヤックにチャレンジしてみてはいかがでしょうか目の前には澄んだ海が広がり、魚が泳ぐ姿も見られるんだとか。西ノ島町のクラブノア隠岐では、シーカヤックツアーが体験できます。
島根,    続いてご紹介するのは 摩天崖(まてんがい)。 隠岐を代表する絶景と言われる国賀海岸に、雄大な姿でそびえる崖が摩天崖です。遊覧船に乗って下から絶景を楽しむのもよし、赤尾展望所に行って上から眺めるのもよし。ぜひ、この景色はご自身の目で確かめてくださいスケールが大きすぎて、言葉にできないほどの絶景を見ることができるはず。展望所へ行く道のりでは牛や馬に出会うこともあるそうですよ。
島根,    続いてご紹介する絶景スポットは赤ハゲ山です。知夫里(ちぶり)島にそびえ立つ赤ハゲ山の頂上には展望台が設置されており、そこから見える景色に誰もが息を呑むことは間違いなし。道中、こちらも道路の真ん中に放牧された牛が居座っていることもあります。そんな時は牛が移動するまでゆっくり待ちましょう。
島根,    最後にご紹介するスポットは、ローソク島です。とってもおすすめしたいのは、遊覧船に乗って夕日が沈む時間帯に訪れること。島の先端に夕日が重なる瞬間には、まるでローソクに火を灯したような幻想的な景色を見ることができます。遊覧船に乗らなければ見ることができないこのロマンチックな夕日を大切な人と一緒にぜひ見てください。
島根,    いかがだったでしたか。今回は、島根県隠岐のロマンチックな島旅にぴったりな絶景スポットを箇所ご紹介いたしました。ぜひ、大切な人と素敵なひと時を過ごしに、この自然が作り出す絶景を見に行ってみてくださいね。掲載されている情報は記事公開時点のものです。必ず事前にご確認ください。
